pearson_r,pearson_pvalue,spearman_rho,spearman_pvalue,n_points
-0.04561707696826036,1.3332164475484873e-92,-0.7283599790431433,0.0,200000
